{
  "get_product": {
    "endpoint": "get_product",
    "iterations": 20,
    "latencies_ms": [
      343.0948257446289,
      3.2110214233398438,
      2.0029544830322266,
      3.133058547973633,
      2.9439926147460938,
      2.315998077392578,
      2.427816390991211,
      2.892017364501953,
      1.6741752624511719,
      1.7848014831542969,
      2.279996871948242,
      2.574920654296875,
      1.8720626831054688,
      1.725912094116211,
      1.8510818481445312,
      2.5970935821533203,
      2.2699832916259766,
      1.8360614776611328,
      2.6590824127197266,
      2.216815948486328
    ],
    "avg_latency_ms": 19.368183612823486,
    "median_latency_ms": 2.29799747467041,
    "min_latency_ms": 1.6741752624511719,
    "max_latency_ms": 343.0948257446289,
    "p95_latency_ms": 326.10063552856445,
    "p99_latency_ms": 611.6030311584473,
    "cache_hits": 0,
    "cache_misses": 20,
    "cache_hit_rate": 0.0
  },
  "search_products": {
    "endpoint": "search_products",
    "iterations": 10,
    "latencies_ms": [
      33.28299522399902,
      6.746053695678711,
      69.73528861999512,
      132.74908065795898,
      8.969306945800781,
      9.156942367553711,
      8.414983749389648,
      29.58989143371582,
      8.419036865234375,
      17.26984977722168
    ],
    "avg_latency_ms": 32.433342933654785,
    "median_latency_ms": 13.213396072387695,
    "min_latency_ms": 6.746053695678711,
    "max_latency_ms": 132.74908065795898,
    "p95_latency_ms": 161.10528707504272,
    "p99_latency_ms": 188.83135557174683
  },
  "add_to_cart": {
    "endpoint": "add_to_cart",
    "iterations": 10,
    "latencies_ms": [
      4.691362380981445,
      2.2721290588378906,
      2.201080322265625,
      2.6781558990478516,
      7.790803909301758,
      5.568027496337891,
      5.398988723754883,
      3.901958465576172,
      3.2939910888671875,
      2.6280879974365234
    ],
    "avg_latency_ms": 4.042458534240723,
    "median_latency_ms": 3.5979747772216797,
    "min_latency_ms": 2.201080322265625,
    "max_latency_ms": 7.790803909301758,
    "p95_latency_ms": 8.791053295135498,
    "p99_latency_ms": 9.7690749168396
  },
  "protocol_overhead": {
    "mcp": 3.613901138305664,
    "ucp": 0.7946014404296875,
    "tool": 4.167366027832031
  }
}